[{"R": 0.2, "I_coeff": 2.8489, "Z0_coeff": 0.5678, "Z1_coeff": -1.4508, "Z0Z1_coeff": 0.6799, "X0X1_coeff": 0.0791, "Y0Y1_coeff": 0.0791, "t0": 0.0791}, {"R": 0.25, "I_coeff": 2.1868, "Z0_coeff": 0.5449, "Z1_coeff": -1.287, "Z0Z1_coeff": 0.6719, "X0X1_coeff": 0.0798, "Y0Y1_coeff": 0.0798, "t0": 0.0798}, {"R": 0.3, "I_coeff": 1.7252, "Z0_coeff": 0.5215, "Z1_coeff": -1.1458, "Z0Z1_coeff": 0.6631, "X0X1_coeff": 0.0806, "Y0Y1_coeff": 0.0806, "t0": 0.0806}, {"R": 0.35, "I_coeff": 1.3827, "Z0_coeff": 0.4982, "Z1_coeff": -1.0226, "Z0Z1_coeff": 0.6537, "X0X1_coeff": 0.0815, "Y0Y1_coeff": 0.0815, "t0": 0.0815}, {"R": 0.4, "I_coeff": 1.1182, "Z0_coeff": 0.4754, "Z1_coeff": -0.9145, "Z0Z1_coeff": 0.6438, "X0X1_coeff": 0.0825, "Y0Y1_coeff": 0.0825, "t0": 0.0825}, {"R": 0.45, "I_coeff": 0.9083, "Z0_coeff": 0.4534, "Z1_coeff": -0.8194, "Z0Z1_coeff": 0.6336, "X0X1_coeff": 0.0835, "Y0Y1_coeff": 0.0835, "t0": 0.0835}, {"R": 0.5, "I_coeff": 0.7381, "Z0_coeff": 0.4325, "Z1_coeff": -0.7355, "Z0Z1_coeff": 0.6233, "X0X1_coeff": 0.0846, "Y0Y1_coeff": 0.0846, "t0": 0.0846}, {"R": 0.55, "I_coeff": 0.5979, "Z0_coeff": 0.4125, "Z1_coeff": -0.6612, "Z0Z1_coeff": 0.6129, "X0X1_coeff": 0.0858, "Y0Y1_coeff": 0.0858, "t0": 0.0858}, {"R": 0.6, "I_coeff": 0.4808, "Z0_coeff": 0.3937, "Z1_coeff": -0.595, "Z0Z1_coeff": 0.6025, "X0X1_coeff": 0.087, "Y0Y1_coeff": 0.087, "t0": 0.087}, {"R": 0.65, "I_coeff": 0.3819, "Z0_coeff": 0.376, "Z1_coeff": -0.5358, "Z0Z1_coeff": 0.5921, "X0X1_coeff": 0.0883, "Y0Y1_coeff": 0.0883, "t0": 0.0883}, {"R": 0.7, "I_coeff": 0.2976, "Z0_coeff": 0.3593, "Z1_coeff": -0.4826, "Z0Z1_coeff": 0.5818, "X0X1_coeff": 0.0896, "Y0Y1_coeff": 0.0896, "t0": 0.0896}, {"R": 0.75, "I_coeff": 0.2252, "Z0_coeff": 0.3435, "Z1_coeff": -0.4347, "Z0Z1_coeff": 0.5716, "X0X1_coeff": 0.091, "Y0Y1_coeff": 0.091, "t0": 0.091}, {"R": 0.8, "I_coeff": 0.1626, "Z0_coeff": 0.3288, "Z1_coeff": -0.3915, "Z0Z1_coeff": 0.5616, "X0X1_coeff": 0.0925, "Y0Y1_coeff": 0.0925, "t0": 0.0925}, {"R": 0.85, "I_coeff": 0.1083, "Z0_coeff": 0.3149, "Z1_coeff": -0.3523, "Z0Z1_coeff": 0.5518, "X0X1_coeff": 0.0939, "Y0Y1_coeff": 0.0939, "t0": 0.0939}, {"R": 0.9, "I_coeff": 0.0609, "Z0_coeff": 0.3018, "Z1_coeff": -0.3168, "Z0Z1_coeff": 0.5421, "X0X1_coeff": 0.0954, "Y0Y1_coeff": 0.0954, "t0": 0.0954}, {"R": 0.95, "I_coeff": 0.0193, "Z0_coeff": 0.2895, "Z1_coeff": -0.2845, "Z0Z1_coeff": 0.5327, "X0X1_coeff": 0.097, "Y0Y1_coeff": 0.097, "t0": 0.097}, {"R": 1.0, "I_coeff": -0.0172, "Z0_coeff": 0.2779, "Z1_coeff": -0.255, "Z0Z1_coeff": 0.5235, "X0X1_coeff": 0.0986, "Y0Y1_coeff": 0.0986, "t0": 0.0986}, {"R": 1.05, "I_coeff": -0.0493, "Z0_coeff": 0.2669, "Z1_coeff": -0.2282, "Z0Z1_coeff": 0.5146, "X0X1_coeff": 0.1002, "Y0Y1_coeff": 0.1002, "t0": 0.1002}, {"R": 1.1, "I_coeff": -0.0778, "Z0_coeff": 0.2565, "Z1_coeff": -0.2036, "Z0Z1_coeff": 0.5059, "X0X1_coeff": 0.1018, "Y0Y1_coeff": 0.1018, "t0": 0.1018}, {"R": 1.15, "I_coeff": -0.1029, "Z0_coeff": 0.2467, "Z1_coeff": -0.181, "Z0Z1_coeff": 0.4974, "X0X1_coeff": 0.1034, "Y0Y1_coeff": 0.1034, "t0": 0.1034}, {"R": 1.2, "I_coeff": -0.1253, "Z0_coeff": 0.2374, "Z1_coeff": -0.1603, "Z0Z1_coeff": 0.4892, "X0X1_coeff": 0.105, "Y0Y1_coeff": 0.105, "t0": 0.105}, {"R": 1.25, "I_coeff": -0.1452, "Z0_coeff": 0.2286, "Z1_coeff": -0.1413, "Z0Z1_coeff": 0.4812, "X0X1_coeff": 0.1067, "Y0Y1_coeff": 0.1067, "t0": 0.1067}, {"R": 1.3, "I_coeff": -0.1629, "Z0_coeff": 0.2203, "Z1_coeff": -0.1238, "Z0Z1_coeff": 0.4735, "X0X1_coeff": 0.1083, "Y0Y1_coeff": 0.1083, "t0": 0.1083}, {"R": 1.35, "I_coeff": -0.1786, "Z0_coeff": 0.2123, "Z1_coeff": -0.1077, "Z0Z1_coeff": 0.466, "X0X1_coeff": 0.11, "Y0Y1_coeff": 0.11, "t0": 0.11}, {"R": 1.4, "I_coeff": -0.1927, "Z0_coeff": 0.2048, "Z1_coeff": -0.0929, "Z0Z1_coeff": 0.4588, "X0X1_coeff": 0.1116, "Y0Y1_coeff": 0.1116, "t0": 0.1116}, {"R": 1.45, "I_coeff": -0.2053, "Z0_coeff": 0.1976, "Z1_coeff": -0.0792, "Z0Z1_coeff": 0.4518, "X0X1_coeff": 0.1133, "Y0Y1_coeff": 0.1133, "t0": 0.1133}, {"R": 1.5, "I_coeff": -0.2165, "Z0_coeff": 0.1908, "Z1_coeff": -0.0666, "Z0Z1_coeff": 0.4451, "X0X1_coeff": 0.1149, "Y0Y1_coeff": 0.1149, "t0": 0.1149}, {"R": 1.55, "I_coeff": -0.2265, "Z0_coeff": 0.1843, "Z1_coeff": -0.0549, "Z0Z1_coeff": 0.4386, "X0X1_coeff": 0.1165, "Y0Y1_coeff": 0.1165, "t0": 0.1165}, {"R": 1.6, "I_coeff": -0.2355, "Z0_coeff": 0.1782, "Z1_coeff": -0.0442, "Z0Z1_coeff": 0.4323, "X0X1_coeff": 0.1181, "Y0Y1_coeff": 0.1181, "t0": 0.1181}, {"R": 1.65, "I_coeff": -0.2436, "Z0_coeff": 0.1723, "Z1_coeff": -0.0342, "Z0Z1_coeff": 0.4262, "X0X1_coeff": 0.1196, "Y0Y1_coeff": 0.1196, "t0": 0.1196}, {"R": 1.7, "I_coeff": -0.2508, "Z0_coeff": 0.1667, "Z1_coeff": -0.0251, "Z0Z1_coeff": 0.4204, "X0X1_coeff": 0.1211, "Y0Y1_coeff": 0.1211, "t0": 0.1211}, {"R": 1.75, "I_coeff": -0.2573, "Z0_coeff": 0.1615, "Z1_coeff": -0.0166, "Z0Z1_coeff": 0.4148, "X0X1_coeff": 0.1226, "Y0Y1_coeff": 0.1226, "t0": 0.1226}, {"R": 1.8, "I_coeff": -0.2632, "Z0_coeff": 0.1565, "Z1_coeff": -0.0088, "Z0Z1_coeff": 0.4094, "X0X1_coeff": 0.1241, "Y0Y1_coeff": 0.1241, "t0": 0.1241}, {"R": 1.85, "I_coeff": -0.2684, "Z0_coeff": 0.1517, "Z1_coeff": -0.0015, "Z0Z1_coeff": 0.4042, "X0X1_coeff": 0.1256, "Y0Y1_coeff": 0.1256, "t0": 0.1256}, {"R": 1.9, "I_coeff": -0.2731, "Z0_coeff": 0.1472, "Z1_coeff": 0.0052, "Z0Z1_coeff": 0.3992, "X0X1_coeff": 0.127, "Y0Y1_coeff": 0.127, "t0": 0.127}, {"R": 1.95, "I_coeff": -0.2774, "Z0_coeff": 0.143, "Z1_coeff": 0.0114, "Z0Z1_coeff": 0.3944, "X0X1_coeff": 0.1284, "Y0Y1_coeff": 0.1284, "t0": 0.1284}, {"R": 2.0, "I_coeff": -0.2812, "Z0_coeff": 0.139, "Z1_coeff": 0.0171, "Z0Z1_coeff": 0.3898, "X0X1_coeff": 0.1297, "Y0Y1_coeff": 0.1297, "t0": 0.1297}, {"R": 2.05, "I_coeff": -0.2847, "Z0_coeff": 0.1352, "Z1_coeff": 0.0223, "Z0Z1_coeff": 0.3853, "X0X1_coeff": 0.131, "Y0Y1_coeff": 0.131, "t0": 0.131}, {"R": 2.1, "I_coeff": -0.2879, "Z0_coeff": 0.1316, "Z1_coeff": 0.0272, "Z0Z1_coeff": 0.3811, "X0X1_coeff": 0.1323, "Y0Y1_coeff": 0.1323, "t0": 0.1323}, {"R": 2.15, "I_coeff": -0.2908, "Z0_coeff": 0.1282, "Z1_coeff": 0.0317, "Z0Z1_coeff": 0.3769, "X0X1_coeff": 0.1335, "Y0Y1_coeff": 0.1335, "t0": 0.1335}, {"R": 2.2, "I_coeff": -0.2934, "Z0_coeff": 0.1251, "Z1_coeff": 0.0359, "Z0Z1_coeff": 0.373, "X0X1_coeff": 0.1347, "Y0Y1_coeff": 0.1347, "t0": 0.1347}, {"R": 2.25, "I_coeff": -0.2958, "Z0_coeff": 0.1221, "Z1_coeff": 0.0397, "Z0Z1_coeff": 0.3692, "X0X1_coeff": 0.1359, "Y0Y1_coeff": 0.1359, "t0": 0.1359}, {"R": 2.3, "I_coeff": -0.298, "Z0_coeff": 0.1193, "Z1_coeff": 0.0432, "Z0Z1_coeff": 0.3655, "X0X1_coeff": 0.137, "Y0Y1_coeff": 0.137, "t0": 0.137}, {"R": 2.35, "I_coeff": -0.3, "Z0_coeff": 0.1167, "Z1_coeff": 0.0465, "Z0Z1_coeff": 0.362, "X0X1_coeff": 0.1381, "Y0Y1_coeff": 0.1381, "t0": 0.1381}, {"R": 2.4, "I_coeff": -0.3018, "Z0_coeff": 0.1142, "Z1_coeff": 0.0495, "Z0Z1_coeff": 0.3586, "X0X1_coeff": 0.1392, "Y0Y1_coeff": 0.1392, "t0": 0.1392}, {"R": 2.45, "I_coeff": -0.3035, "Z0_coeff": 0.1119, "Z1_coeff": 0.0523, "Z0Z1_coeff": 0.3553, "X0X1_coeff": 0.1402, "Y0Y1_coeff": 0.1402, "t0": 0.1402}, {"R": 2.5, "I_coeff": -0.3051, "Z0_coeff": 0.1098, "Z1_coeff": 0.0549, "Z0Z1_coeff": 0.3521, "X0X1_coeff": 0.1412, "Y0Y1_coeff": 0.1412, "t0": 0.1412}, {"R": 2.55, "I_coeff": -0.3066, "Z0_coeff": 0.1078, "Z1_coeff": 0.0572, "Z0Z1_coeff": 0.3491, "X0X1_coeff": 0.1422, "Y0Y1_coeff": 0.1422, "t0": 0.1422}, {"R": 2.6, "I_coeff": -0.3079, "Z0_coeff": 0.1059, "Z1_coeff": 0.0594, "Z0Z1_coeff": 0.3461, "X0X1_coeff": 0.1432, "Y0Y1_coeff": 0.1432, "t0": 0.1432}, {"R": 2.65, "I_coeff": -0.3092, "Z0_coeff": 0.1042, "Z1_coeff": 0.0614, "Z0Z1_coeff": 0.3433, "X0X1_coeff": 0.1441, "Y0Y1_coeff": 0.1441, "t0": 0.1441}, {"R": 2.7, "I_coeff": -0.3104, "Z0_coeff": 0.1026, "Z1_coeff": 0.0632, "Z0Z1_coeff": 0.3406, "X0X1_coeff": 0.145, "Y0Y1_coeff": 0.145, "t0": 0.145}, {"R": 2.75, "I_coeff": -0.3115, "Z0_coeff": 0.1011, "Z1_coeff": 0.0649, "Z0Z1_coeff": 0.3379, "X0X1_coeff": 0.1458, "Y0Y1_coeff": 0.1458, "t0": 0.1458}, {"R": 2.8, "I_coeff": -0.3125, "Z0_coeff": 0.0997, "Z1_coeff": 0.0665, "Z0Z1_coeff": 0.3354, "X0X1_coeff": 0.1467, "Y0Y1_coeff": 0.1467, "t0": 0.1467}, {"R": 2.85, "I_coeff": -0.3135, "Z0_coeff": 0.0984, "Z1_coeff": 0.0679, "Z0Z1_coeff": 0.3329, "X0X1_coeff": 0.1475, "Y0Y1_coeff": 0.1475, "t0": 0.1475}]